index,coordenadas_X,coordenadas_Y,demandas,maxDemand,minTW,maxTW
0,41.6921541,-3.6836462,10,20,0,100000
1,43.26271,-2.92528,20,20,5,100000
2,42.84998,-2.67268,5,10,0,20000
