Index,coordenadas_X,coordenadas_Y,demandas,maxDemand,minTW,maxTW
0,43.26223,-2.94120,10,20,0,100000
1,43.26188,-2.94475,20,20,5,100000
2,43.26096,-2.94586,5,10,0,20000
3,43.26214,-2.93641,30,30,0,100000
4,43.25766,-2.94235,15,20,0,100000
5,43.25941,-2.94537,20,20,5,100000
6,43.26027,-2.92932,5,15,5,20000
7,43.25695,-2.94518,10,10,0,100000

