index,coordenadas_X,coordenadas_Y,demandas,maxDemand,minTW,maxTW
0,0.7987461248449106,0.2178245578029958,10,20,0,100000
1,0.2763219662639447,0.6244428755859079,5,20,0,100000
2,0.03407750978463164,0.5167755478786072,15,20,0,100000
