index,coordenadas_X,coordenadas_Y,demandas,maxDemand,minTW,maxTW
0,0.15470923264482772,0.9156715033075226,10,20,0,100000
1,0.28599703600987836,0.825375663176118,5,20,0,100000
2,0.08281791342719069,0.3271429412249699,10,20,0,100000
