index,coordenadas_X,coordenadas_Y,demandas,maxDemand,minTW,maxTW
0,0.7484985224620185,0.8391125327129165,15,20,0,100000
1,0.4998090950105958,0.8988623656215736,15,20,0,100000
2,0.5500571419983425,0.5966872760129325,5,20,0,100000
