index,coordenadas_X,coordenadas_Y,demandas,maxDemand,minTW,maxTW
0,0.8364375805198458,0.7080909643931096,15,20,0,100000
1,0.8500350192444431,0.7685157978149275,15,20,0,100000
2,0.2482507838993625,0.8940182911201684,5,20,0,100000
3,0.5769501815677613,0.028035103997480992,5,20,0,100000
