index,coordenadas_X,coordenadas_Y,demandas,maxDemand,minTW,maxTW
0,0.7959728351338706,0.37908231157375083,10,20,0,100000
1,0.2915146337316016,0.32427512063113073,15,20,0,100000
2,0.48869989581768947,0.25202923239066477,15,20,0,100000
3,0.4377644717521788,0.8474827553707711,5,20,0,100000
