index,coordenadas_X,coordenadas_Y,demandas,maxDemand,minTW,maxTW
0,0.36149388931339,0.28394650837909596,15,20,0,100000
1,0.40300151924577354,0.5445746311794976,5,20,0,100000
2,0.1713206653852568,0.15201137338758075,15,20,0,100000
3,0.23230312486066784,0.2610162919299661,10,20,0,100000
4,0.20632833844482945,0.04313979806985013,5,20,0,100000
5,0.9398053032619261,0.4174676058345561,5,20,0,100000
6,0.8301501868576827,0.902540467283884,15,20,0,100000
7,0.33549210793647877,0.5791473751813,15,20,0,100000
